Country,Code,year,life_exp,cancer_rate
Aruba,ABW,1990,73.468,
Africa Eastern and Southern,AFE,1990,51.1541131,
Afghanistan,AFG,1990,50.331,105.6
Africa Western and Central,AFW,1990,48.8169994,
Angola,AGO,1990,45.306,125.1
Albania,ALB,1990,71.836,142.2
Arab World,ARB,1990,64.35157729,
United Arab Emirates,ARE,1990,71.939,104.8
Argentina,ARG,1990,71.594,212.4
Armenia,ARM,1990,67.879,200.1
Antigua and Barbuda,ATG,1990,71.52,
Australia,AUS,1990,76.99463415,312.3
Austria,AUT,1990,75.56829268,241.6
Azerbaijan,AZE,1990,64.827,138.4
Burundi,BDI,1990,47.829,133.3
Belgium,BEL,1990,76.05195122,322.8
Benin,BEN,1990,53.812,94.1
Burkina Faso,BFA,1990,49.454,109.4
Bangladesh,BGD,1990,58.21,105.5
Bulgaria,BGR,1990,71.64146341,238.5
Bahrain,BHR,1990,72.39,111.5
"Bahamas, The",BHS,1990,70.199,
Bosnia and Herzegovina,BIH,1990,70.877,221.6
Belarus,BLR,1990,70.83658537,246.9
Belize,BLZ,1990,71.242,111.2
Bolivia,BOL,1990,56.099,132.5
Brazil,BRA,1990,66.343,203.8
Barbados,BRB,1990,74.704,216
Brunei Darussalam,BRN,1990,70.185,
Bhutan,BTN,1990,52.878,81.3
Botswana,BWA,1990,59.191,104.8
Central African Republic,CAF,1990,49.104,99.2
Canada,CAN,1990,77.42195122,287.4
Central Europe and the Baltics,CEB,1990,70.65633134,
Switzerland,CHE,1990,77.24243902,268.2
Channel Islands,CHI,1990,75.41,
Chile,CHL,1990,73.509,173.5
China,CHN,1990,69.145,203.8
Cote d'Ivoire,CIV,1990,53.254,
Cameroon,CMR,1990,53.362,125.8
"Congo, Dem. Rep.",COD,1990,49.043,
"Congo, Rep.",COG,1990,54.638,
Colombia,COL,1990,69.75,177.5
Comoros,COM,1990,56.677,107.6
Cabo Verde,CPV,1990,64.676,178.5
Costa Rica,CRI,1990,75.654,175.2
Caribbean small states,CSS,1990,70.19762945,
Cuba,CUB,1990,74.638,202.1
Cyprus,CYP,1990,76.554,248
Czech Republic,CZE,1990,71.38390244,
Germany,DEU,1990,75.2277561,281.9
Djibouti,DJI,1990,56.678,88.7
Denmark,DNK,1990,74.80536585,334.9
Dominican Republic,DOM,1990,66.574,169.4
Algeria,DZA,1990,66.938,132.5
East Asia & Pacific (excluding high income),EAP,1990,67.88613844,
Early-demographic dividend,EAR,1990,60.49126279,
East Asia & Pacific,EAS,1990,68.92722262,
Europe & Central Asia (excluding high income),ECA,1990,68.18018676,
Europe & Central Asia,ECS,1990,72.0493147,
Ecuador,ECU,1990,68.899,149.7
"Egypt, Arab Rep.",EGY,1990,64.572,157.5
Euro area,EMU,1990,75.91180793,
Eritrea,ERI,1990,49.588,98.1
Spain,ESP,1990,76.83756098,264.6
Estonia,EST,1990,69.47560976,274.2
Ethiopia,ETH,1990,47.099,103.4
European Union,EUU,1990,74.7306625,
Fragile and conflict affected situations,FCS,1990,52.67991906,
Finland,FIN,1990,74.81317073,260.9
Fiji,FJI,1990,65.379,168.7
France,FRA,1990,76.6,320.1
Faroe Islands,FRO,1990,76.16585366,
"Micronesia, Fed. Sts.",FSM,1990,63.605,
Gabon,GAB,1990,60.965,113.8
United Kingdom,GBR,1990,75.8804878,296.1
Georgia,GEO,1990,70.386,191.3
Ghana,GHA,1990,56.776,114.6
Guinea,GIN,1990,49.987,113.8
"Gambia, The",GMB,1990,52.221,
Guinea-Bissau,GNB,1990,47.095,104.8
Equatorial Guinea,GNQ,1990,48.775,108.3
Greece,GRC,1990,76.93902439,260.4
Grenada,GRD,1990,69.598,
Guatemala,GTM,1990,62.261,120
Guam,GUM,1990,71.925,178.1
Guyana,GUY,1990,63.287,141.2
High income,HIC,1990,75.42823488,
"Hong Kong SAR, China",HKG,1990,77.3804878,
Honduras,HND,1990,66.723,132.2
Heavily indebted poor countries (HIPC),HPC,1990,49.93684831,
Croatia,HRV,1990,72.1704878,284.1
Haiti,HTI,1990,54.265,136.9
Hungary,HUN,1990,69.31560976,321.6
IBRD only,IBD,1990,65.42952454,
IDA & IBRD total,IBT,1990,63.1470105,
IDA total,IDA,1990,53.65478641,
IDA blend,IDB,1990,55.01988204,
Indonesia,IDN,1990,62.32,138.4
IDA only,IDX,1990,52.96972745,
India,IND,1990,57.865,96.4
Ireland,IRL,1990,74.80909756,326.6
"Iran, Islamic Rep.",IRN,1990,63.837,
Iraq,IRQ,1990,66.011,133.3
Iceland,ISL,1990,78.03634146,252
Israel,ISR,1990,76.60731707,239.4
Italy,ITA,1990,76.97073171,278.3
Jamaica,JAM,1990,73.204,196.9
Jordan,JOR,1990,69.872,153.2
Japan,JPN,1990,78.83682927,282.9
Kazakhstan,KAZ,1990,68.33658537,160.3
Kenya,KEN,1990,57.406,147.1
Kyrgyz Republic,KGZ,1990,68.29756098,
Cambodia,KHM,1990,53.595,133.3
Kiribati,KIR,1990,59.636,
"Korea, Rep.",KOR,1990,71.59756098,
Kuwait,KWT,1990,72.15,115.1
Latin America & Caribbean (excluding high income),LAC,1990,67.93334844,
Lao PDR,LAO,1990,53.364,
Lebanon,LBN,1990,70.266,152.7
Liberia,LBR,1990,46.046,117.1
Libya,LBY,1990,68.503,131
St. Lucia,LCA,1990,71.074,
Latin America & Caribbean,LCN,1990,68.31372589,
Least developed countries: UN classification,LDC,1990,51.73272764,
Low income,LIC,1990,50.61204789,
Sri Lanka,LKA,1990,69.509,104
Lower middle income,LMC,1990,59.33470428,
Low & middle income,LMY,1990,63.05501181,
Lesotho,LSO,1990,59.837,106
Late-demographic dividend,LTE,1990,69.06432783,
Lithuania,LTU,1990,71.16073171,287.5
Luxembourg,LUX,1990,75.01041463,264.6
Latvia,LVA,1990,69.27317073,296.1
"Macao SAR, China",MAC,1990,77.296,
St. Martin (French part),MAF,1990,74.52195122,
Morocco,MAR,1990,64.732,147.3
Moldova,MDA,1990,67.643,211.2
Madagascar,MDG,1990,51.003,120.8
Maldives,MDV,1990,61.529,122.3
Middle East & North Africa,MEA,1990,65.76998552,
Mexico,MEX,1990,70.866,134.6
Middle income,MIC,1990,63.9696146,
North Macedonia,MKD,1990,71.152,215.1
Mali,MLI,1990,45.746,137.5
Malta,MLT,1990,76.78607317,238
Myanmar,MMR,1990,56.849,133.6
Middle East & North Africa (excluding high income),MNA,1990,65.13628775,
Montenegro,MNE,1990,74.627,260.6
Mongolia,MNG,1990,60.268,214
Mozambique,MOZ,1990,45.261,131
Mauritania,MRT,1990,59.688,106.1
Mauritius,MUS,1990,69.40487805,152.2
Malawi,MWI,1990,46.096,151.3
Malaysia,MYS,1990,70.865,142.5
North America,NAC,1990,75.43504527,
Namibia,NAM,1990,61.608,186.1
New Caledonia,NCL,1990,70.48536585,
Niger,NER,1990,43.538,76.4
Nigeria,NGA,1990,45.9,108.1
Nicaragua,NIC,1990,64.293,132.9
Netherlands,NLD,1990,76.87804878,
Norway,NOR,1990,76.53731707,312.3
Nepal,NPL,1990,54.404,80
New Zealand,NZL,1990,75.37804878,295.3
OECD members,OED,1990,74.54473771,
Oman,OMN,1990,67.18,102.1
Other small states,OSS,1990,62.22330742,
Pakistan,PAK,1990,60.1,107.6
Panama,PAN,1990,72.982,148.2
Peru,PER,1990,66.165,169.4
Philippines,PHL,1990,66.366,161
Papua New Guinea,PNG,1990,56.492,186.2
Poland,POL,1990,70.8902439,260.4
Pre-demographic dividend,PRE,1990,49.71935371,
Puerto Rico,PRI,1990,74.16917073,209.7
"Korea, Dem. People's Rep.",PRK,1990,69.896,160.7
Portugal,PRT,1990,73.96585366,255
Paraguay,PRY,1990,68.545,185.9
West Bank and Gaza,PSE,1990,68.048,
Pacific island small states,PSS,1990,65.09730049,
Post-demographic dividend,PST,1990,75.47926046,
French Polynesia,PYF,1990,68.704,240.4
Qatar,QAT,1990,75.824,106.6
Romania,ROU,1990,69.74121951,255.9
Russian Federation,RUS,1990,68.88609756,
Rwanda,RWA,1990,33.413,111.7
South Asia,SAS,1990,58.14480093,
Saudi Arabia,SAU,1990,69.078,95.2
Sudan,SDN,1990,55.5,93.8
Senegal,SEN,1990,57.202,116.9
Singapore,SGP,1990,75.29512195,229.8
Solomon Islands,SLB,1990,64.365,130
Sierra Leone,SLE,1990,38.563,99.8
El Salvador,SLV,1990,64,127.3
Somalia,SOM,1990,45.378,115.2
Sub-Saharan Africa (excluding high income),SSA,1990,50.21213255,
South Sudan,SSD,1990,43.524,92.8
Sub-Saharan Africa,SSF,1990,50.21457407,
Small states,SST,1990,64.29750844,
Sao Tome and Principe,STP,1990,58.247,
Suriname,SUR,1990,67.436,165
Slovak Republic,SVK,1990,70.93268293,
Slovenia,SVN,1990,73.20487805,300.2
Sweden,SWE,1990,77.53682927,271
Eswatini,SWZ,1990,61.95,123.4
Seychelles,SYC,1990,68.10731707,
Syrian Arab Republic,SYR,1990,70.553,
Chad,TCD,1990,47.019,100.4
East Asia & Pacific (IDA & IBRD countries),TEA,1990,67.8604139,
Europe & Central Asia (IDA & IBRD countries),TEC,1990,68.47169651,
Togo,TGO,1990,55.887,107.6
Thailand,THA,1990,70.248,161.7
Tajikistan,TJK,1990,58.824,87.9
Turkmenistan,TKM,1990,62.81,123.2
Latin America & the Caribbean (IDA & IBRD countries),TLA,1990,68.10041873,
Timor-Leste,TLS,1990,48.492,88.6
Middle East & North Africa (IDA & IBRD countries),TMN,1990,65.11060526,
Tonga,TON,1990,68.935,
South Asia (IDA & IBRD),TSA,1990,58.14480093,
Sub-Saharan Africa (IDA & IBRD countries),TSS,1990,50.21457407,
Trinidad and Tobago,TTO,1990,68.086,193.4
Tunisia,TUN,1990,68.792,131
Turkey,TUR,1990,64.256,225.6
Tanzania,TZA,1990,50.206,131
Uganda,UGA,1990,45.853,152
Ukraine,UKR,1990,70.09756098,206.3
Upper middle income,UMC,1990,68.7604989,
Uruguay,URY,1990,72.569,257.8
United States,USA,1990,75.21463415,297.3
Uzbekistan,UZB,1990,66.481,106.9
St. Vincent and the Grenadines,VCT,1990,70.58,
"Venezuela, RB",VEN,1990,70.658,
Virgin Islands (U.S.),VIR,1990,74.23585366,
Vietnam,VNM,1990,70.551,158.6
Vanuatu,VUT,1990,64.721,107.8
World,WLD,1990,65.43291923,
Samoa,WSM,1990,66.281,236.4
Kosovo,XKX,1990,66.79512195,
"Yemen, Rep.",YEM,1990,57.346,95.2
South Africa,ZAF,1990,63.307,193.2
Zambia,ZMB,1990,49.249,150.8
Zimbabwe,ZWE,1990,58.1,194.7
Aruba,ABW,1995,73.622,
Africa Eastern and Southern,AFE,1995,50.8084844,
Afghanistan,AFG,1995,53.398,105.6
Africa Western and Central,AFW,1995,48.90993678,
Angola,AGO,1995,45.246,125.1
Albania,ALB,1995,72.205,142.2
Arab World,ARB,1995,66.19610005,
United Arab Emirates,ARE,1995,73.194,104.8
Argentina,ARG,1995,72.651,212.4
Armenia,ARM,1995,68.938,200.1
Antigua and Barbuda,ATG,1995,72.732,
Australia,AUS,1995,77.82926829,312.3
Austria,AUT,1995,76.66829268,241.6
Azerbaijan,AZE,1995,65.256,138.4
Burundi,BDI,1995,46.758,133.3
Belgium,BEL,1995,76.84073171,322.8
Benin,BEN,1995,55.203,94.1
Burkina Faso,BFA,1995,49.445,109.4
Bangladesh,BGD,1995,62.002,105.5
Bulgaria,BGR,1995,71.05341463,238.5
Bahrain,BHR,1995,73.413,111.5
"Bahamas, The",BHS,1995,71.451,
Bosnia and Herzegovina,BIH,1995,71.645,221.6
Belarus,BLR,1995,68.46097561,246.9
Belize,BLZ,1995,69.439,111.2
Bolivia,BOL,1995,59.276,132.5
Brazil,BRA,1995,68.318,203.8
Barbados,BRB,1995,75.852,216
Brunei Darussalam,BRN,1995,71.465,
Bhutan,BTN,1995,56.636,81.3
Botswana,BWA,1995,54.41,104.8
Central African Republic,CAF,1995,46.53,99.2
Canada,CAN,1995,78.02926829,287.4
Central Europe and the Baltics,CEB,1995,71.02542143,
Switzerland,CHE,1995,78.41707317,268.2
Channel Islands,CHI,1995,77.184,
Chile,CHL,1995,74.957,173.5
China,CHN,1995,69.885,203.8
Cote d'Ivoire,CIV,1995,51.569,
Cameroon,CMR,1995,51.554,125.8
"Congo, Dem. Rep.",COD,1995,49.111,
"Congo, Rep.",COG,1995,52.583,
Colombia,COL,1995,71.112,177.5
Comoros,COM,1995,58.722,107.6
Cabo Verde,CPV,1995,66.224,178.5
Costa Rica,CRI,1995,76.579,175.2
Caribbean small states,CSS,1995,70.93751467,
Cuba,CUB,1995,75.412,202.1
Cyprus,CYP,1995,77.312,248
Czech Republic,CZE,1995,73.07487805,
Germany,DEU,1995,76.42195122,281.9
Djibouti,DJI,1995,57.065,88.7
Denmark,DNK,1995,75.21268293,334.9
Dominican Republic,DOM,1995,68.164,169.4
Algeria,DZA,1995,68.54,132.5
East Asia & Pacific (excluding high income),EAP,1995,68.77409377,
Early-demographic dividend,EAR,1995,62.61931898,
East Asia & Pacific,EAS,1995,69.79646699,
Europe & Central Asia (excluding high income),ECA,1995,66.11231926,
Europe & Central Asia,ECS,1995,71.68064004,
Ecuador,ECU,1995,70.972,149.7
"Egypt, Arab Rep.",EGY,1995,66.779,157.5
Euro area,EMU,1995,76.95586062,
Eritrea,ERI,1995,52.316,98.1
Spain,ESP,1995,77.98073171,264.6
Estonia,EST,1995,67.54390244,274.2
Ethiopia,ETH,1995,49.303,103.4
European Union,EUU,1995,75.67686843,
Fragile and conflict affected situations,FCS,1995,53.41823721,
Finland,FIN,1995,76.4095122,260.9
Fiji,FJI,1995,65.15,168.7
France,FRA,1995,77.75121951,320.1
Faroe Islands,FRO,1995,77.36829268,
"Micronesia, Fed. Sts.",FSM,1995,64.049,
Gabon,GAB,1995,60.175,113.8
United Kingdom,GBR,1995,76.83658537,296.1
Georgia,GEO,1995,69.718,191.3
Ghana,GHA,1995,57.528,114.6
Guinea,GIN,1995,51.744,113.8
"Gambia, The",GMB,1995,53.889,
Guinea-Bissau,GNB,1995,48.658,104.8
Equatorial Guinea,GNQ,1995,51.184,108.3
Greece,GRC,1995,77.58536585,260.4
Grenada,GRD,1995,71.356,
Guatemala,GTM,1995,65.09,120
Guam,GUM,1995,73.267,178.1
Guyana,GUY,1995,64.064,141.2
High income,HIC,1995,76.28550749,
"Hong Kong SAR, China",HKG,1995,78.68292683,
Honduras,HND,1995,68.871,132.2
Heavily indebted poor countries (HIPC),HPC,1995,50.66226985,
Croatia,HRV,1995,72.08439024,284.1
Haiti,HTI,1995,55.829,136.9
Hungary,HUN,1995,69.79170732,321.6
IBRD only,IBD,1995,66.53929779,
IDA & IBRD total,IBT,1995,64.11160499,
IDA total,IDA,1995,54.59264156,
IDA blend,IDB,1995,54.88442815,
Indonesia,IDN,1995,64.291,138.4
IDA only,IDX,1995,54.44662332,
India,IND,1995,60.32,96.4
Ireland,IRL,1995,75.61756098,326.6
"Iran, Islamic Rep.",IRN,1995,68.377,
Iraq,IRQ,1995,68.446,133.3
Iceland,ISL,1995,77.98439024,252
Israel,ISR,1995,77.45121951,239.4
Italy,ITA,1995,78.17073171,278.3
Jamaica,JAM,1995,74.133,196.9
Jordan,JOR,1995,70.885,153.2
Japan,JPN,1995,79.53634146,282.9
Kazakhstan,KAZ,1995,63.5,160.3
Kenya,KEN,1995,53.486,147.1
Kyrgyz Republic,KGZ,1995,65.7902439,
Cambodia,KHM,1995,55.189,133.3
Kiribati,KIR,1995,61.539,
"Korea, Rep.",KOR,1995,73.7,
Kuwait,KWT,1995,72.764,115.1
Latin America & Caribbean (excluding high income),LAC,1995,69.74557688,
Lao PDR,LAO,1995,55.851,
Lebanon,LBN,1995,72.125,152.7
Liberia,LBR,1995,48.314,117.1
Libya,LBY,1995,69.965,131
St. Lucia,LCA,1995,72.323,
Latin America & Caribbean,LCN,1995,70.03638967,
Least developed countries: UN classification,LDC,1995,53.32466687,
Low income,LIC,1995,51.5415787,
Sri Lanka,LKA,1995,69.259,104
Lower middle income,LMC,1995,61.02492214,
Low & middle income,LMY,1995,64.00401412,
Lesotho,LSO,1995,55.782,106
Late-demographic dividend,LTE,1995,69.45195537,
Lithuania,LTU,1995,69.00634146,287.5
Luxembourg,LUX,1995,76.51219512,264.6
Latvia,LVA,1995,66.39121951,296.1
"Macao SAR, China",MAC,1995,78.925,
St. Martin (French part),MAF,1995,75.97317073,
Morocco,MAR,1995,66.846,147.3
Moldova,MDA,1995,66.867,211.2
Madagascar,MDG,1995,54.616,120.8
Maldives,MDV,1995,65.923,122.3
Middle East & North Africa,MEA,1995,68.25403334,
Mexico,MEX,1995,72.598,134.6
Middle income,MIC,1995,64.98171022,
North Macedonia,MKD,1995,72.08,215.1
Mali,MLI,1995,46.573,137.5
Malta,MLT,1995,77.2902439,238
Myanmar,MMR,1995,58.46,133.6
Middle East & North Africa (excluding high income),MNA,1995,67.71427246,
Montenegro,MNE,1995,74.099,260.6
Mongolia,MNG,1995,61.211,214
Mozambique,MOZ,1995,47.123,131
Mauritania,MRT,1995,60.426,106.1
Mauritius,MUS,1995,70.32585366,152.2
Malawi,MWI,1995,45.846,151.3
Malaysia,MYS,1995,71.834,142.5
North America,NAC,1995,75.86060025,
Namibia,NAM,1995,58.479,186.1
New Caledonia,NCL,1995,72.0097561,
Niger,NER,1995,46.641,76.4
Nigeria,NGA,1995,45.854,108.1
Nicaragua,NIC,1995,67.344,132.9
Netherlands,NLD,1995,77.40463415,
Norway,NOR,1995,77.73658537,312.3
Nepal,NPL,1995,58.6,80
New Zealand,NZL,1995,76.73414634,295.3
OECD members,OED,1995,75.52776801,
Oman,OMN,1995,69.77,102.1
Other small states,OSS,1995,61.42547978,
Pakistan,PAK,1995,61.505,107.6
Panama,PAN,1995,74.092,148.2
Peru,PER,1995,68.903,169.4
Philippines,PHL,1995,68.231,161
Papua New Guinea,PNG,1995,58.073,186.2
Poland,POL,1995,71.89268293,260.4
Pre-demographic dividend,PRE,1995,49.83519085,
Puerto Rico,PRI,1995,74.12456098,209.7
"Korea, Dem. People's Rep.",PRK,1995,66.537,160.7
Portugal,PRT,1995,75.31219512,255
Paraguay,PRY,1995,69.511,185.9
West Bank and Gaza,PSE,1995,69.757,
Pacific island small states,PSS,1995,65.59631684,
Post-demographic dividend,PST,1995,76.07522936,
French Polynesia,PYF,1995,70.426,240.4
Qatar,QAT,1995,76.759,106.6
Romania,ROU,1995,69.45609756,255.9
Russian Federation,RUS,1995,64.69073171,
Rwanda,RWA,1995,31.037,111.7
South Asia,SAS,1995,60.58985547,
Saudi Arabia,SAU,1995,71.099,95.2
Sudan,SDN,1995,56.709,93.8
Senegal,SEN,1995,57.404,116.9
Singapore,SGP,1995,76.29512195,229.8
Solomon Islands,SLB,1995,65.552,130
Sierra Leone,SLE,1995,37.083,99.8
El Salvador,SLV,1995,67.277,127.3
Somalia,SOM,1995,47.151,115.2
Sub-Saharan Africa (excluding high income),SSA,1995,50.04472977,
South Sudan,SSD,1995,46.855,92.8
Sub-Saharan Africa,SSF,1995,50.04762598,
Small states,SST,1995,63.86860333,
Sao Tome and Principe,STP,1995,58.795,
Suriname,SUR,1995,67.731,165
Slovak Republic,SVK,1995,72.25365854,
Slovenia,SVN,1995,73.95853659,300.2
Sweden,SWE,1995,78.7404878,271
Eswatini,SWZ,1995,57.422,123.4
Seychelles,SYC,1995,72.48292683,
Syrian Arab Republic,SYR,1995,71.961,
Chad,TCD,1995,47.426,100.4
East Asia & Pacific (IDA & IBRD countries),TEA,1995,68.80296307,
Europe & Central Asia (IDA & IBRD countries),TEC,1995,66.7005569,
Togo,TGO,1995,54.757,107.6
Thailand,THA,1995,70.191,161.7
Tajikistan,TJK,1995,58.497,87.9
Turkmenistan,TKM,1995,62.851,123.2
Latin America & the Caribbean (IDA & IBRD countries),TLA,1995,69.87220349,
Timor-Leste,TLS,1995,53.538,88.6
Middle East & North Africa (IDA & IBRD countries),TMN,1995,67.69419343,
Tonga,TON,1995,69.351,
South Asia (IDA & IBRD),TSA,1995,60.58985547,
Sub-Saharan Africa (IDA & IBRD countries),TSS,1995,50.04762598,
Trinidad and Tobago,TTO,1995,68.597,193.4
Tunisia,TUN,1995,71.517,131
Turkey,TUR,1995,66.963,225.6
Tanzania,TZA,1995,49.287,131
Uganda,UGA,1995,43.824,152
Ukraine,UKR,1995,66.74195122,206.3
Upper middle income,UMC,1995,69.24427952,
Uruguay,URY,1995,73.62,257.8
United States,USA,1995,75.62195122,297.3
Uzbekistan,UZB,1995,66.396,106.9
St. Vincent and the Grenadines,VCT,1995,70.745,
"Venezuela, RB",VEN,1995,71.321,
Virgin Islands (U.S.),VIR,1995,75.50992683,
Vietnam,VNM,1995,71.923,158.6
Vanuatu,VUT,1995,66.162,107.8
World,WLD,1995,66.27387611,
Samoa,WSM,1995,67.249,236.4
Kosovo,XKX,1995,67.34390244,
"Yemen, Rep.",YEM,1995,58.817,95.2
South Africa,ZAF,1995,61.561,193.2
Zambia,ZMB,1995,44.242,150.8
Zimbabwe,ZWE,1995,50.48,194.7
Aruba,ABW,2000,73.787,
Africa Eastern and Southern,AFE,2000,51.27612888,
Afghanistan,AFG,2000,55.841,105.6
Africa Western and Central,AFW,2000,49.21971381,
Angola,AGO,2000,46.522,125.1
Albania,ALB,2000,73.955,142.2
Arab World,ARB,2000,67.80059145,
United Arab Emirates,ARE,2000,74.327,104.8
Argentina,ARG,2000,73.576,212.4
Armenia,ARM,2000,71.409,200.1
Antigua and Barbuda,ATG,2000,73.94,
Australia,AUS,2000,79.23414634,312.3
Austria,AUT,2000,78.12682927,241.6
Azerbaijan,AZE,2000,66.763,138.4
Burundi,BDI,2000,49.091,133.3
Belgium,BEL,2000,77.72195122,322.8
Benin,BEN,2000,55.391,94.1
Burkina Faso,BFA,2000,50.489,109.4
Bangladesh,BGD,2000,65.447,105.5
Bulgaria,BGR,2000,71.66341463,238.5
Bahrain,BHR,2000,74.44,111.5
"Bahamas, The",BHS,2000,71.914,
Bosnia and Herzegovina,BIH,2000,74.403,221.6
Belarus,BLR,2000,68.91219512,246.9
Belize,BLZ,2000,68.847,111.2
Bolivia,BOL,2000,62.452,132.5
Brazil,BRA,2000,70.116,203.8
Barbados,BRB,2000,77.162,216
Brunei Darussalam,BRN,2000,72.809,
Bhutan,BTN,2000,60.884,81.3
Botswana,BWA,2000,50.629,104.8
Central African Republic,CAF,2000,44.19,99.2
Canada,CAN,2000,79.13658537,287.4
Central Europe and the Baltics,CEB,2000,72.71972472,
Switzerland,CHE,2000,79.6804878,268.2
Channel Islands,CHI,2000,79.037,
Chile,CHL,2000,76.366,173.5
China,CHN,2000,71.397,203.8
Cote d'Ivoire,CIV,2000,49.635,
Cameroon,CMR,2000,50.993,125.8
"Congo, Dem. Rep.",COD,2000,50.041,
"Congo, Rep.",COG,2000,52.123,
Colombia,COL,2000,72.945,177.5
Comoros,COM,2000,59.46,107.6
Cabo Verde,CPV,2000,68.583,178.5
Costa Rica,CRI,2000,77.452,175.2
Caribbean small states,CSS,2000,71.41917942,
Cuba,CUB,2000,76.699,202.1
Cyprus,CYP,2000,78.009,248
Czech Republic,CZE,2000,74.96829268,
Germany,DEU,2000,77.92682927,281.9
Djibouti,DJI,2000,57.022,88.7
Denmark,DNK,2000,76.59268293,334.9
Dominican Republic,DOM,2000,69.429,169.4
Algeria,DZA,2000,70.64,132.5
East Asia & Pacific (excluding high income),EAP,2000,70.13617325,
Early-demographic dividend,EAR,2000,64.40307724,
East Asia & Pacific,EAS,2000,71.17191877,
Europe & Central Asia (excluding high income),ECA,2000,67.55767194,
Europe & Central Asia,ECS,2000,73.0293742,
Ecuador,ECU,2000,72.761,149.7
"Egypt, Arab Rep.",EGY,2000,68.602,157.5
Euro area,EMU,2000,78.27507038,
Eritrea,ERI,2000,55.273,98.1
Spain,ESP,2000,78.96585366,264.6
Estonia,EST,2000,70.41707317,274.2
Ethiopia,ETH,2000,51.941,103.4
European Union,EUU,2000,77.0784478,
Fragile and conflict affected situations,FCS,2000,54.49780062,
Finland,FIN,2000,77.46585366,260.9
Fiji,FJI,2000,65.687,168.7
France,FRA,2000,79.05609756,320.1
Faroe Islands,FRO,2000,78.43414634,
"Micronesia, Fed. Sts.",FSM,2000,64.55,
Gabon,GAB,2000,58.264,113.8
United Kingdom,GBR,2000,77.74146341,296.1
Georgia,GEO,2000,69.902,191.3
Ghana,GHA,2000,57.002,114.6
Guinea,GIN,2000,51.203,113.8
"Gambia, The",GMB,2000,55.956,
Guinea-Bissau,GNB,2000,50.368,104.8
Equatorial Guinea,GNQ,2000,53.279,108.3
Greece,GRC,2000,77.88780488,260.4
Grenada,GRD,2000,72.648,
Guatemala,GTM,2000,67.849,120
Guam,GUM,2000,75.011,178.1
Guyana,GUY,2000,65.242,141.2
High income,HIC,2000,77.59380137,
"Hong Kong SAR, China",HKG,2000,80.87804878,
Honduras,HND,2000,70.689,132.2
Heavily indebted poor countries (HIPC),HPC,2000,52.26410061,
Croatia,HRV,2000,72.80780488,284.1
Haiti,HTI,2000,57.131,136.9
Hungary,HUN,2000,71.24634146,321.6
IBRD only,IBD,2000,68.0527888,
IDA & IBRD total,IBT,2000,65.49049277,
IDA total,IDA,2000,56.01427659,
IDA blend,IDB,2000,55.19353906,
Indonesia,IDN,2000,65.772,138.4
IDA only,IDX,2000,56.42591493,
India,IND,2000,62.505,96.4
Ireland,IRL,2000,76.53658537,326.6
"Iran, Islamic Rep.",IRN,2000,70.176,
Iraq,IRQ,2000,69.082,133.3
Iceland,ISL,2000,79.65365854,252
Israel,ISR,2000,78.95365854,239.4
Italy,ITA,2000,79.77804878,278.3
Jamaica,JAM,2000,74.142,196.9
Jordan,JOR,2000,71.73,153.2
Japan,JPN,2000,81.07609756,282.9
Kazakhstan,KAZ,2000,65.45,160.3
Kenya,KEN,2000,50.921,147.1
Kyrgyz Republic,KGZ,2000,68.55853659,
Cambodia,KHM,2000,58.432,133.3
Kiribati,KIR,2000,63.144,
"Korea, Rep.",KOR,2000,75.9097561,
Kuwait,KWT,2000,73.142,115.1
Latin America & Caribbean (excluding high income),LAC,2000,71.45222166,
Lao PDR,LAO,2000,58.803,
Lebanon,LBN,2000,74.507,152.7
Liberia,LBR,2000,51.734,117.1
Libya,LBY,2000,70.852,131
St. Lucia,LCA,2000,73.319,
Latin America & Caribbean,LCN,2000,71.68738957,
Least developed countries: UN classification,LDC,2000,55.47978628,
Low income,LIC,2000,53.36597129,
Sri Lanka,LKA,2000,71.333,104
Lower middle income,LMC,2000,62.61528962,
Low & middle income,LMY,2000,65.37546277,
Lesotho,LSO,2000,47.691,106
Late-demographic dividend,LTE,2000,70.90346746,
Lithuania,LTU,2000,72.0195122,287.5
Luxembourg,LUX,2000,77.87317073,264.6
Latvia,LVA,2000,70.31463415,296.1
"Macao SAR, China",MAC,2000,80.407,
St. Martin (French part),MAF,2000,76.87317073,
Morocco,MAR,2000,68.684,147.3
Moldova,MDA,2000,67.006,211.2
Madagascar,MDG,2000,58.485,120.8
Maldives,MDV,2000,70.173,122.3
Middle East & North Africa,MEA,2000,69.88725675,
Mexico,MEX,2000,74.34,134.6
Middle income,MIC,2000,66.37992333,
North Macedonia,MKD,2000,73.267,215.1
Mali,MLI,2000,48.069,137.5
Malta,MLT,2000,78.34878049,238
Myanmar,MMR,2000,60.063,133.6
Middle East & North Africa (excluding high income),MNA,2000,69.35469409,
Montenegro,MNE,2000,73.228,260.6
Mongolia,MNG,2000,62.869,214
Mozambique,MOZ,2000,48.946,131
Mauritania,MRT,2000,60.706,106.1
Mauritius,MUS,2000,71.66341463,152.2
Malawi,MWI,2000,45.09,151.3
Malaysia,MYS,2000,72.594,142.5
North America,NAC,2000,76.88199634,
Namibia,NAM,2000,52.192,186.1
New Caledonia,NCL,2000,75.16341463,
Niger,NER,2000,49.928,76.4
Nigeria,NGA,2000,46.267,108.1
Nicaragua,NIC,2000,69.527,132.9
Netherlands,NLD,2000,77.98780488,
Norway,NOR,2000,78.63414634,312.3
Nepal,NPL,2000,62.288,80
New Zealand,NZL,2000,78.63658537,295.3
OECD members,OED,2000,76.92725513,
Oman,OMN,2000,72.126,102.1
Other small states,OSS,2000,60.24525473,
Pakistan,PAK,2000,62.82,107.6
Panama,PAN,2000,75.06,148.2
Peru,PER,2000,71.111,169.4
Philippines,PHL,2000,68.793,161
Papua New Guinea,PNG,2000,59.265,186.2
Poland,POL,2000,73.74878049,260.4
Pre-demographic dividend,PRE,2000,50.6737762,
Puerto Rico,PRI,2000,76.68926829,209.7
"Korea, Dem. People's Rep.",PRK,2000,65.268,160.7
Portugal,PRT,2000,76.31463415,255
Paraguay,PRY,2000,70.546,185.9
West Bank and Gaza,PSE,2000,71.022,
Pacific island small states,PSS,2000,66.55714298,
Post-demographic dividend,PST,2000,77.35564394,
French Polynesia,PYF,2000,72.303,240.4
Qatar,QAT,2000,77.467,106.6
Romania,ROU,2000,71.16341463,255.9
Russian Federation,RUS,2000,65.48365854,
Rwanda,RWA,2000,48.649,111.7
South Asia,SAS,2000,62.82398281,
Saudi Arabia,SAU,2000,72.561,95.2
Sudan,SDN,2000,58.472,93.8
Senegal,SEN,2000,57.787,116.9
Singapore,SGP,2000,77.95121951,229.8
Solomon Islands,SLB,2000,67.442,130
Sierra Leone,SLE,2000,39.441,99.8
El Salvador,SLV,2000,68.875,127.3
Somalia,SOM,2000,50.869,115.2
Sub-Saharan Africa (excluding high income),SSA,2000,50.44749089,
South Sudan,SSD,2000,49.166,92.8
Sub-Saharan Africa,SSF,2000,50.45021391,
Small states,SST,2000,63.1110298,
Sao Tome and Principe,STP,2000,61.365,
Suriname,SUR,2000,67.822,165
Slovak Republic,SVK,2000,73.05121951,
Slovenia,SVN,2000,75.41219512,300.2
Sweden,SWE,2000,79.64390244,271
Eswatini,SWZ,2000,47.49,123.4
Seychelles,SYC,2000,72.77804878,
Syrian Arab Republic,SYR,2000,73.11,
Chad,TCD,2000,47.713,100.4
East Asia & Pacific (IDA & IBRD countries),TEA,2000,70.19841517,
Europe & Central Asia (IDA & IBRD countries),TEC,2000,68.15707201,
Togo,TGO,2000,53.491,107.6
Thailand,THA,2000,70.623,161.7
Tajikistan,TJK,2000,61.974,87.9
Turkmenistan,TKM,2000,63.613,123.2
Latin America & the Caribbean (IDA & IBRD countries),TLA,2000,71.53435678,
Timor-Leste,TLS,2000,59.002,88.6
Middle East & North Africa (IDA & IBRD countries),TMN,2000,69.3370643,
Tonga,TON,2000,69.667,
South Asia (IDA & IBRD),TSA,2000,62.82398281,
Sub-Saharan Africa (IDA & IBRD countries),TSS,2000,50.45021391,
Trinidad and Tobago,TTO,2000,69.413,193.4
Tunisia,TUN,2000,73.172,131
Turkey,TUR,2000,70.005,225.6
Tanzania,TZA,2000,50.801,131
Uganda,UGA,2000,46.229,152
Ukraine,UKR,2000,67.67560976,206.3
Upper middle income,UMC,2000,70.59656707,
Uruguay,URY,2000,74.731,257.8
United States,USA,2000,76.63658537,297.3
Uzbekistan,UZB,2000,67.156,106.9
St. Vincent and the Grenadines,VCT,2000,70.809,
"Venezuela, RB",VEN,2000,72.112,
Virgin Islands (U.S.),VIR,2000,76.6195122,
Vietnam,VNM,2000,73.025,158.6
Vanuatu,VUT,2000,67.363,107.8
World,WLD,2000,67.54902,
Samoa,WSM,2000,68.748,236.4
Kosovo,XKX,2000,67.74390244,
"Yemen, Rep.",YEM,2000,60.683,95.2
South Africa,ZAF,2000,56.048,193.2
Zambia,ZMB,2000,44,150.8
Zimbabwe,ZWE,2000,44.649,194.7
Aruba,ABW,2005,74.287,
Africa Eastern and Southern,AFE,2005,53.96655013,
Afghanistan,AFG,2005,58.29,105.6
Africa Western and Central,AFW,2005,51.28348666,
Angola,AGO,2005,50.165,125.1
Albania,ALB,2005,75.228,142.2
Arab World,ARB,2005,69.16468296,
United Arab Emirates,ARE,2005,75.376,104.8
Argentina,ARG,2005,74.451,212.4
Armenia,ARM,2005,72.626,200.1
Antigua and Barbuda,ATG,2005,75.019,
Australia,AUS,2005,80.84146341,312.3
Austria,AUT,2005,79.33170732,241.6
Azerbaijan,AZE,2005,68.747,138.4
Burundi,BDI,2005,53.369,133.3
Belgium,BEL,2005,78.9804878,322.8
Benin,BEN,2005,57.355,94.1
Burkina Faso,BFA,2005,53.31,109.4
Bangladesh,BGD,2005,67.773,105.5
Bulgaria,BGR,2005,72.56097561,238.5
Bahrain,BHR,2005,75.326,111.5
"Bahamas, The",BHS,2005,71.987,
Bosnia and Herzegovina,BIH,2005,75.198,221.6
Belarus,BLR,2005,68.85121951,246.9
Belize,BLZ,2005,69.998,111.2
Bolivia,BOL,2005,65.312,132.5
Brazil,BRA,2005,71.896,203.8
Barbados,BRB,2005,77.915,216
Brunei Darussalam,BRN,2005,74.006,
Bhutan,BTN,2005,65.289,81.3
Botswana,BWA,2005,52.13,104.8
Central African Republic,CAF,2005,44.744,99.2
Canada,CAN,2005,80.19268293,287.4
Central Europe and the Baltics,CEB,2005,73.84499514,
Switzerland,CHE,2005,81.23658537,268.2
Channel Islands,CHI,2005,80.298,
Chile,CHL,2005,77.63,173.5
China,CHN,2005,72.985,203.8
Cote d'Ivoire,CIV,2005,50.12,
Cameroon,CMR,2005,52.76,125.8
"Congo, Dem. Rep.",COD,2005,53.675,
"Congo, Rep.",COG,2005,55.6,
Colombia,COL,2005,74.265,177.5
Comoros,COM,2005,60.126,107.6
Cabo Verde,CPV,2005,70.424,178.5
Costa Rica,CRI,2005,78.117,175.2
Caribbean small states,CSS,2005,72.05570873,
Cuba,CUB,2005,77.688,202.1
Cyprus,CYP,2005,78.63,248
Czech Republic,CZE,2005,75.92439024,
Germany,DEU,2005,78.93170732,281.9
Djibouti,DJI,2005,57.991,88.7
Denmark,DNK,2005,77.84390244,334.9
Dominican Republic,DOM,2005,70.771,169.4
Algeria,DZA,2005,73.072,132.5
East Asia & Pacific (excluding high income),EAP,2005,71.64072952,
Early-demographic dividend,EAR,2005,66.10620881,
East Asia & Pacific,EAS,2005,72.62462075,
Europe & Central Asia (excluding high income),ECA,2005,68.38908829,
Europe & Central Asia,ECS,2005,74.12110476,
Ecuador,ECU,2005,74.112,149.7
"Egypt, Arab Rep.",EGY,2005,69.434,157.5
Euro area,EMU,2005,79.42628302,
Eritrea,ERI,2005,58.707,98.1
Spain,ESP,2005,80.17073171,264.6
Estonia,EST,2005,72.56829268,274.2
Ethiopia,ETH,2005,56.223,103.4
European Union,EUU,2005,78.27264114,
Fragile and conflict affected situations,FCS,2005,56.5966202,
Finland,FIN,2005,78.81707317,260.9
Fiji,FJI,2005,66.313,168.7
France,FRA,2005,80.16341463,320.1
Faroe Islands,FRO,2005,79.44146341,
"Micronesia, Fed. Sts.",FSM,2005,65.489,
Gabon,GAB,2005,58.181,113.8
United Kingdom,GBR,2005,79.04878049,296.1
Georgia,GEO,2005,70.538,191.3
Ghana,GHA,2005,58.719,114.6
Guinea,GIN,2005,53.238,113.8
"Gambia, The",GMB,2005,57.939,
Guinea-Bissau,GNB,2005,52.275,104.8
Equatorial Guinea,GNQ,2005,54.449,108.3
Greece,GRC,2005,79.23902439,260.4
Grenada,GRD,2005,73.123,
Guatemala,GTM,2005,69.762,120
Guam,GUM,2005,76.687,178.1
Guyana,GUY,2005,66.694,141.2
High income,HIC,2005,78.67339638,
"Hong Kong SAR, China",HKG,2005,81.62926829,
Honduras,HND,2005,72.026,132.2
Heavily indebted poor countries (HIPC),HPC,2005,55.24228463,
Croatia,HRV,2005,75.24463415,284.1
Haiti,HTI,2005,58.652,136.9
Hungary,HUN,2005,72.64878049,321.6
IBRD only,IBD,2005,69.49572996,
IDA & IBRD total,IBT,2005,66.98413456,
IDA total,IDA,2005,58.27971638,
IDA blend,IDB,2005,56.79777194,
Indonesia,IDN,2005,67.334,138.4
IDA only,IDX,2005,59.01959152,
India,IND,2005,64.5,96.4
Ireland,IRL,2005,78.94390244,326.6
"Iran, Islamic Rep.",IRN,2005,71.917,
Iraq,IRQ,2005,68.266,133.3
Iceland,ISL,2005,81.50243902,252
Israel,ISR,2005,80.15121951,239.4
Italy,ITA,2005,80.78292683,278.3
Jamaica,JAM,2005,74.148,196.9
Jordan,JOR,2005,72.595,153.2
Japan,JPN,2005,81.92512195,282.9
Kazakhstan,KAZ,2005,65.86,160.3
Kenya,KEN,2005,54.732,147.1
Kyrgyz Republic,KGZ,2005,67.95609756,
Cambodia,KHM,2005,63.088,133.3
Kiribati,KIR,2005,64.478,
"Korea, Rep.",KOR,2005,78.16829268,
Kuwait,KWT,2005,73.538,115.1
Latin America & Caribbean (excluding high income),LAC,2005,72.86918568,
Lao PDR,LAO,2005,61.625,
Lebanon,LBN,2005,76.865,152.7
Liberia,LBR,2005,55.393,117.1
Libya,LBY,2005,71.902,131
St. Lucia,LCA,2005,74.122,
Latin America & Caribbean,LCN,2005,73.06052666,
Least developed countries: UN classification,LDC,2005,58.25570484,
Low income,LIC,2005,56.44310836,
Sri Lanka,LKA,2005,74.695,104
Lower middle income,LMC,2005,64.34408993,
Low & middle income,LMY,2005,66.88491828,
Lesotho,LSO,2005,42.658,106
Late-demographic dividend,LTE,2005,72.40185463,
Lithuania,LTU,2005,71.25365854,287.5
Luxembourg,LUX,2005,79.43170732,264.6
Latvia,LVA,2005,71.35609756,296.1
"Macao SAR, China",MAC,2005,81.523,
St. Martin (French part),MAF,2005,77.67317073,
Morocco,MAR,2005,71.746,147.3
Moldova,MDA,2005,67.82,211.2
Madagascar,MDG,2005,61.212,120.8
Maldives,MDV,2005,73.612,122.3
Middle East & North Africa,MEA,2005,71.31003055,
Mexico,MEX,2005,75.3,134.6
Middle income,MIC,2005,67.83160487,
North Macedonia,MKD,2005,73.986,215.1
Mali,MLI,2005,52.057,137.5
Malta,MLT,2005,79.3,238
Myanmar,MMR,2005,61.607,133.6
Middle East & North Africa (excluding high income),MNA,2005,70.8130182,
Montenegro,MNE,2005,73.642,260.6
Mongolia,MNG,2005,65.103,214
Mozambique,MOZ,2005,50.387,131
Mauritania,MRT,2005,61.349,106.1
Mauritius,MUS,2005,72.43219512,152.2
Malawi,MWI,2005,47.844,151.3
Malaysia,MYS,2005,73.555,142.5
North America,NAC,2005,77.75408225,
Namibia,NAM,2005,50.931,186.1
New Caledonia,NCL,2005,75.72195122,
Niger,NER,2005,53.411,76.4
Nigeria,NGA,2005,48.252,108.1
Nicaragua,NIC,2005,71.195,132.9
Netherlands,NLD,2005,79.34634146,
Norway,NOR,2005,80.04146341,312.3
Nepal,NPL,2005,65.264,80
New Zealand,NZL,2005,79.85121951,295.3
OECD members,OED,2005,78.06314654,
Oman,OMN,2005,74.23,102.1
Other small states,OSS,2005,60.90023293,
Pakistan,PAK,2005,63.951,107.6
Panama,PAN,2005,75.892,148.2
Peru,PER,2005,72.908,169.4
Philippines,PHL,2005,69.112,161
Papua New Guinea,PNG,2005,60.534,186.2
Poland,POL,2005,74.99512195,260.4
Pre-demographic dividend,PRE,2005,53.2699022,
Puerto Rico,PRI,2005,78.29609756,209.7
"Korea, Dem. People's Rep.",PRK,2005,68.389,160.7
Portugal,PRT,2005,78.07073171,255
Paraguay,PRY,2005,71.667,185.9
West Bank and Gaza,PSE,2005,72.028,
Pacific island small states,PSS,2005,67.63693106,
Post-demographic dividend,PST,2005,78.43332159,
French Polynesia,PYF,2005,74.116,240.4
Qatar,QAT,2005,78.252,106.6
Romania,ROU,2005,71.91219512,255.9
Russian Federation,RUS,2005,65.5297561,
Rwanda,RWA,2005,55.254,111.7
South Asia,SAS,2005,64.78317085,
Saudi Arabia,SAU,2005,73.256,95.2
Sudan,SDN,2005,60.525,93.8
Senegal,SEN,2005,60.62,116.9
Singapore,SGP,2005,79.9902439,229.8
Solomon Islands,SLB,2005,69.158,130
Sierra Leone,SLE,2005,44.502,99.8
El Salvador,SLV,2005,70.124,127.3
Somalia,SOM,2005,52.346,115.2
Sub-Saharan Africa (excluding high income),SSA,2005,52.88432687,
South Sudan,SSD,2005,51.686,92.8
Sub-Saharan Africa,SSF,2005,52.88642826,
Small states,SST,2005,63.67199261,
Sao Tome and Principe,STP,2005,64.659,
Suriname,SUR,2005,68.877,165
Slovak Republic,SVK,2005,73.90487805,
Slovenia,SVN,2005,77.61219512,300.2
Sweden,SWE,2005,80.54634146,271
Eswatini,SWZ,2005,42.518,123.4
Seychelles,SYC,2005,72.13170732,
Syrian Arab Republic,SYR,2005,74.43,
Chad,TCD,2005,48.549,100.4
East Asia & Pacific (IDA & IBRD countries),TEA,2005,71.68224162,
Europe & Central Asia (IDA & IBRD countries),TEC,2005,69.03749475,
Togo,TGO,2005,54.602,107.6
Thailand,THA,2005,72.099,161.7
Tajikistan,TJK,2005,66.08,87.9
Turkmenistan,TKM,2005,65.017,123.2
Latin America & the Caribbean (IDA & IBRD countries),TLA,2005,72.92378548,
Timor-Leste,TLS,2005,63.882,88.6
Middle East & North Africa (IDA & IBRD countries),TMN,2005,70.79963482,
Tonga,TON,2005,69.836,
South Asia (IDA & IBRD),TSA,2005,64.78317085,
Sub-Saharan Africa (IDA & IBRD countries),TSS,2005,52.88642826,
Trinidad and Tobago,TTO,2005,70.691,193.4
Tunisia,TUN,2005,74.217,131
Turkey,TUR,2005,72.424,225.6
Tanzania,TZA,2005,54.349,131
Uganda,UGA,2005,51.676,152
Ukraine,UKR,2005,67.95682927,206.3
Upper middle income,UMC,2005,71.92226952,
Uruguay,URY,2005,75.826,257.8
United States,USA,2005,77.48780488,297.3
Uzbekistan,UZB,2005,68.407,106.9
St. Vincent and the Grenadines,VCT,2005,71.331,
"Venezuela, RB",VEN,2005,72.852,
Virgin Islands (U.S.),VIR,2005,77.42195122,
Vietnam,VNM,2005,74.092,158.6
Vanuatu,VUT,2005,68.35,107.8
World,WLD,2005,68.92030363,
Samoa,WSM,2005,70.374,236.4
Kosovo,XKX,2005,68.79268293,
"Yemen, Rep.",YEM,2005,63.481,95.2
South Africa,ZAF,2005,53.447,193.2
Zambia,ZMB,2005,48.496,150.8
Zimbabwe,ZWE,2005,43.241,194.7
Aruba,ABW,2010,75.017,
Africa Eastern and Southern,AFE,2010,58.47069668,
Afghanistan,AFG,2010,61.028,105.6
Africa Western and Central,AFW,2010,54.14430671,
Angola,AGO,2010,55.35,125.1
Albania,ALB,2010,76.562,142.2
Arab World,ARB,2010,70.34991642,
United Arab Emirates,ARE,2010,76.332,104.8
Argentina,ARG,2010,75.278,212.4
Armenia,ARM,2010,73.331,200.1
Antigua and Barbuda,ATG,2010,75.823,
Australia,AUS,2010,81.69512195,312.3
Austria,AUT,2010,80.5804878,241.6
Azerbaijan,AZE,2010,70.938,138.4
Burundi,BDI,2010,57.228,133.3
Belgium,BEL,2010,80.18292683,322.8
Benin,BEN,2010,59.318,94.1
Burkina Faso,BFA,2010,57.096,109.4
Bangladesh,BGD,2010,69.881,105.5
Bulgaria,BGR,2010,73.51219512,238.5
Bahrain,BHR,2010,76.057,111.5
"Bahamas, The",BHS,2010,72.144,
Bosnia and Herzegovina,BIH,2010,76.031,221.6
Belarus,BLR,2010,70.40487805,246.9
Belize,BLZ,2010,72.057,111.2
Bolivia,BOL,2010,68.007,132.5
Brazil,BRA,2010,73.619,203.8
Barbados,BRB,2010,78.364,216
Brunei Darussalam,BRN,2010,74.74,
Bhutan,BTN,2010,68.384,81.3
Botswana,BWA,2010,60.211,104.8
Central African Republic,CAF,2010,47.312,99.2
Canada,CAN,2010,81.24634146,287.4
Central Europe and the Baltics,CEB,2010,75.29396578,
Switzerland,CHE,2010,82.24634146,268.2
Channel Islands,CHI,2010,81.483,
Chile,CHL,2010,78.779,173.5
China,CHN,2010,74.409,203.8
Cote d'Ivoire,CIV,2010,52.964,
Cameroon,CMR,2010,55.101,125.8
"Congo, Dem. Rep.",COD,2010,56.909,
"Congo, Rep.",COG,2010,60.093,
Colombia,COL,2010,75.424,177.5
Comoros,COM,2010,61.862,107.6
Cabo Verde,CPV,2010,71.062,178.5
Costa Rica,CRI,2010,78.769,175.2
Caribbean small states,CSS,2010,72.67940423,
Cuba,CUB,2010,78.338,202.1
Cyprus,CYP,2010,79.43,248
Czech Republic,CZE,2010,77.42439024,
Germany,DEU,2010,79.98780488,281.9
Djibouti,DJI,2010,60.062,88.7
Denmark,DNK,2010,79.1,334.9
Dominican Republic,DOM,2010,72.046,169.4
Algeria,DZA,2010,74.938,132.5
East Asia & Pacific (excluding high income),EAP,2010,73.06626429,
Early-demographic dividend,EAR,2010,68.05602104,
East Asia & Pacific,EAS,2010,74.01299917,
Europe & Central Asia (excluding high income),ECA,2010,70.79403264,
Europe & Central Asia,ECS,2010,75.94408335,
Ecuador,ECU,2010,75.089,149.7
"Egypt, Arab Rep.",EGY,2010,70.349,157.5
Euro area,EMU,2010,80.74678096,
Eritrea,ERI,2010,62.193,98.1
Spain,ESP,2010,81.62682927,264.6
Estonia,EST,2010,75.42926829,274.2
Ethiopia,ETH,2010,61.627,103.4
European Union,EUU,2010,79.62942605,
Fragile and conflict affected situations,FCS,2010,59.12058102,
Finland,FIN,2010,79.87073171,260.9
Fiji,FJI,2010,66.655,168.7
France,FRA,2010,81.66341463,320.1
Faroe Islands,FRO,2010,80.63902439,
"Micronesia, Fed. Sts.",FSM,2010,66.471,
Gabon,GAB,2010,61.4,113.8
United Kingdom,GBR,2010,80.40243902,296.1
Georgia,GEO,2010,71.46,191.3
Ghana,GHA,2010,61.03,114.6
Guinea,GIN,2010,56.861,113.8
"Gambia, The",GMB,2010,59.637,
Guinea-Bissau,GNB,2010,54.628,104.8
Equatorial Guinea,GNQ,2010,55.622,108.3
Greece,GRC,2010,80.38780488,260.4
Grenada,GRD,2010,72.867,
Guatemala,GTM,2010,71.481,120
Guam,GUM,2010,77.941,178.1
Guyana,GUY,2010,68.059,141.2
High income,HIC,2010,79.82621319,
"Hong Kong SAR, China",HKG,2010,82.97804878,
Honduras,HND,2010,73.317,132.2
Heavily indebted poor countries (HIPC),HPC,2010,58.85894745,
Croatia,HRV,2010,76.47560976,284.1
Haiti,HTI,2010,60.511,136.9
Hungary,HUN,2010,74.20731707,321.6
IBRD only,IBD,2010,71.16152936,
IDA & IBRD total,IBT,2010,68.76812198,
IDA total,IDA,2010,61.00702034,
IDA blend,IDB,2010,59.20835377,
Indonesia,IDN,2010,69.205,138.4
IDA only,IDX,2010,61.90905118,
India,IND,2010,66.693,96.4
Ireland,IRL,2010,80.74390244,326.6
"Iran, Islamic Rep.",IRN,2010,73.905,
Iraq,IRQ,2010,68.567,133.3
Iceland,ISL,2010,81.89756098,252
Israel,ISR,2010,81.60243902,239.4
Italy,ITA,2010,82.03658537,278.3
Jamaica,JAM,2010,74.038,196.9
Jordan,JOR,2010,73.428,153.2
Japan,JPN,2010,82.84268293,282.9
Kazakhstan,KAZ,2010,68.45,160.3
Kenya,KEN,2010,60.959,147.1
Kyrgyz Republic,KGZ,2010,69.3,
Cambodia,KHM,2010,66.56,133.3
Kiribati,KIR,2010,65.769,
"Korea, Rep.",KOR,2010,80.11707317,
Kuwait,KWT,2010,74.358,115.1
Latin America & Caribbean (excluding high income),LAC,2010,73.95428629,
Lao PDR,LAO,2010,64.306,
Lebanon,LBN,2010,78.36,152.7
Liberia,LBR,2010,59.6,117.1
Libya,LBY,2010,72.044,131
St. Lucia,LCA,2010,74.852,
Latin America & Caribbean,LCN,2010,74.09722025,
Least developed countries: UN classification,LDC,2010,61.38893391,
Low income,LIC,2010,59.73973971,
Sri Lanka,LKA,2010,75.439,104
Lower middle income,LMC,2010,66.37215852,
Low & middle income,LMY,2010,68.68060387,
Lesotho,LSO,2010,45.1,106
Late-demographic dividend,LTE,2010,73.98340809,
Lithuania,LTU,2010,73.26829268,287.5
Luxembourg,LUX,2010,80.63170732,264.6
Latvia,LVA,2010,73.48292683,296.1
"Macao SAR, China",MAC,2010,82.704,
St. Martin (French part),MAF,2010,78.52195122,
Morocco,MAR,2010,74.382,147.3
Moldova,MDA,2010,69.616,211.2
Madagascar,MDG,2010,63.388,120.8
Maldives,MDV,2010,75.905,122.3
Middle East & North Africa,MEA,2010,72.53918362,
Mexico,MEX,2010,75.065,134.6
Middle income,MIC,2010,69.55973368,
North Macedonia,MKD,2010,74.662,215.1
Mali,MLI,2010,55.251,137.5
Malta,MLT,2010,81.39756098,238
Myanmar,MMR,2010,63.525,133.6
Middle East & North Africa (excluding high income),MNA,2010,72.01470099,
Montenegro,MNE,2010,75.151,260.6
Mongolia,MNG,2010,67.38,214
Mozambique,MOZ,2010,52.31,131
Mauritania,MRT,2010,62.527,106.1
Mauritius,MUS,2010,72.96731707,152.2
Malawi,MWI,2010,55.564,151.3
Malaysia,MYS,2010,74.493,142.5
North America,NAC,2010,78.80945553,
Namibia,NAM,2010,56.665,186.1
New Caledonia,NCL,2010,77.2804878,
Niger,NER,2010,57.333,76.4
Nigeria,NGA,2010,50.896,108.1
Nicaragua,NIC,2010,72.428,132.9
Netherlands,NLD,2010,80.70243902,
Norway,NOR,2010,80.99756098,312.3
Nepal,NPL,2010,67.611,80
New Zealand,NZL,2010,80.70243902,295.3
OECD members,OED,2010,79.14888714,
Oman,OMN,2010,75.682,102.1
Other small states,OSS,2010,64.30884322,
Pakistan,PAK,2010,65.264,107.6
Panama,PAN,2010,76.792,148.2
Peru,PER,2010,74.41,169.4
Philippines,PHL,2010,69.823,161
Papua New Guinea,PNG,2010,62.029,186.2
Poland,POL,2010,76.24634146,260.4
Pre-demographic dividend,PRE,2010,56.59345632,
Puerto Rico,PRI,2010,78.41909756,209.7
"Korea, Dem. People's Rep.",PRK,2010,69.571,160.7
Portugal,PRT,2010,79.02682927,255
Paraguay,PRY,2010,72.653,185.9
West Bank and Gaza,PSE,2010,72.788,
Pacific island small states,PSS,2010,68.48523385,
Post-demographic dividend,PST,2010,79.68613989,
French Polynesia,PYF,2010,75.611,240.4
Qatar,QAT,2010,79.108,106.6
Romania,ROU,2010,73.45853659,255.9
Russian Federation,RUS,2010,68.84121951,
Rwanda,RWA,2010,63.433,111.7
South Asia,SAS,2010,66.8487685,
Saudi Arabia,SAU,2010,73.917,95.2
Sudan,SDN,2010,62.764,93.8
Senegal,SEN,2010,64.284,116.9
Singapore,SGP,2010,81.54146341,229.8
Solomon Islands,SLB,2010,70.674,130
Sierra Leone,SLE,2010,49.382,99.8
El Salvador,SLV,2010,71.21,127.3
Somalia,SOM,2010,53.99,115.2
Sub-Saharan Africa (excluding high income),SSA,2010,56.72376828,
South Sudan,SSD,2010,54.8,92.8
Sub-Saharan Africa,SSF,2010,56.72547002,
Small states,SST,2010,66.2011978,
Sao Tome and Principe,STP,2010,67.43,
Suriname,SUR,2010,70.465,165
Slovak Republic,SVK,2010,75.11219512,
Slovenia,SVN,2010,79.42195122,300.2
Sweden,SWE,2010,81.45121951,271
Eswatini,SWZ,2010,46.601,123.4
Seychelles,SYC,2010,73.19756098,
Syrian Arab Republic,SYR,2010,72.108,
Chad,TCD,2010,50.89,100.4
East Asia & Pacific (IDA & IBRD countries),TEA,2010,73.11046429,
Europe & Central Asia (IDA & IBRD countries),TEC,2010,71.32043299,
Togo,TGO,2010,57.468,107.6
Thailand,THA,2010,74.184,161.7
Tajikistan,TJK,2010,68.736,87.9
Turkmenistan,TKM,2010,66.657,123.2
Latin America & the Caribbean (IDA & IBRD countries),TLA,2010,73.98334578,
Timor-Leste,TLS,2010,67.186,88.6
Middle East & North Africa (IDA & IBRD countries),TMN,2010,72.00580157,
Tonga,TON,2010,70.059,
South Asia (IDA & IBRD),TSA,2010,66.8487685,
Sub-Saharan Africa (IDA & IBRD countries),TSS,2010,56.72547002,
Trinidad and Tobago,TTO,2010,71.946,193.4
Tunisia,TUN,2010,75.041,131
Turkey,TUR,2010,74.507,225.6
Tanzania,TZA,2010,58.584,131
Uganda,UGA,2010,57.099,152
Ukraine,UKR,2010,70.26536585,206.3
Upper middle income,UMC,2010,73.47072866,
Uruguay,URY,2010,76.75,257.8
United States,USA,2010,78.54146341,297.3
Uzbekistan,UZB,2010,69.672,106.9
St. Vincent and the Grenadines,VCT,2010,71.776,
"Venezuela, RB",VEN,2010,73.134,
Virgin Islands (U.S.),VIR,2010,77.86585366,
Vietnam,VNM,2010,74.837,158.6
Vanuatu,VUT,2010,69.123,107.8
World,WLD,2010,70.55658242,
Samoa,WSM,2010,71.663,236.4
Kosovo,XKX,2010,70.14390244,
"Yemen, Rep.",YEM,2010,65.549,95.2
South Africa,ZAF,2010,57.669,193.2
Zambia,ZMB,2010,55.655,150.8
Zimbabwe,ZWE,2010,50.64,194.7
Aruba,ABW,2015,75.725,
Africa Eastern and Southern,AFE,2015,62.25928837,
Afghanistan,AFG,2015,63.377,105.6
Africa Western and Central,AFW,2015,56.54200914,
Angola,AGO,2015,59.398,125.1
Albania,ALB,2015,78.025,142.2
Arab World,ARB,2015,71.24957097,
United Arab Emirates,ARE,2015,77.285,104.8
Argentina,ARG,2015,76.068,212.4
Armenia,ARM,2015,74.467,200.1
Antigua and Barbuda,ATG,2015,76.483,
Australia,AUS,2015,82.4,312.3
Austria,AUT,2015,81.1902439,241.6
Azerbaijan,AZE,2015,72.266,138.4
Burundi,BDI,2015,60.123,133.3
Belgium,BEL,2015,80.99268293,322.8
Benin,BEN,2015,60.608,94.1
Burkina Faso,BFA,2015,59.919,109.4
Bangladesh,BGD,2015,71.514,105.5
Bulgaria,BGR,2015,74.61463415,238.5
Bahrain,BHR,2015,76.762,111.5
"Bahamas, The",BHS,2015,73.088,
Bosnia and Herzegovina,BIH,2015,76.865,221.6
Belarus,BLR,2015,73.62439024,246.9
Belize,BLZ,2015,74.034,111.2
Bolivia,BOL,2015,70.277,132.5
Brazil,BRA,2015,74.994,203.8
Barbados,BRB,2015,78.801,216
Brunei Darussalam,BRN,2015,75.318,
Bhutan,BTN,2015,70.419,81.3
Botswana,BWA,2015,67.338,104.8
Central African Republic,CAF,2015,50.881,99.2
Canada,CAN,2015,81.9,287.4
Central Europe and the Baltics,CEB,2015,76.57187776,
Switzerland,CHE,2015,82.89756098,268.2
Channel Islands,CHI,2015,82.429,
Chile,CHL,2015,79.646,173.5
China,CHN,2015,75.928,203.8
Cote d'Ivoire,CIV,2015,56.065,
Cameroon,CMR,2015,57.583,125.8
"Congo, Dem. Rep.",COD,2015,59.254,
"Congo, Rep.",COG,2015,63.097,
Colombia,COL,2015,76.531,177.5
Comoros,COM,2015,63.471,107.6
Cabo Verde,CPV,2015,72.117,178.5
Costa Rica,CRI,2015,79.565,175.2
Caribbean small states,CSS,2015,73.2730249,
Cuba,CUB,2015,78.561,202.1
Cyprus,CYP,2015,80.35,248
Czech Republic,CZE,2015,78.57804878,
Germany,DEU,2015,80.64146341,281.9
Djibouti,DJI,2015,64.136,88.7
Denmark,DNK,2015,80.70243902,334.9
Dominican Republic,DOM,2015,73.241,169.4
Algeria,DZA,2015,76.09,132.5
East Asia & Pacific (excluding high income),EAP,2015,74.50227185,
Early-demographic dividend,EAR,2015,69.74850623,
East Asia & Pacific,EAS,2015,75.39461357,
Europe & Central Asia (excluding high income),ECA,2015,72.70699127,
Europe & Central Asia,ECS,2015,77.24081033,
Ecuador,ECU,2015,76.143,149.7
"Egypt, Arab Rep.",EGY,2015,71.302,157.5
Euro area,EMU,2015,81.5692291,
Eritrea,ERI,2015,64.664,98.1
Spain,ESP,2015,82.83170732,264.6
Estonia,EST,2015,77.5902439,274.2
Ethiopia,ETH,2015,65.048,103.4
European Union,EUU,2015,80.56680714,
Fragile and conflict affected situations,FCS,2015,61.22104656,
Finland,FIN,2015,81.4804878,260.9
Fiji,FJI,2015,67.103,168.7
France,FRA,2015,82.32195122,320.1
Faroe Islands,FRO,2015,81.84390244,
"Micronesia, Fed. Sts.",FSM,2015,67.315,
Gabon,GAB,2015,64.913,113.8
United Kingdom,GBR,2015,80.95609756,296.1
Georgia,GEO,2015,72.973,191.3
Ghana,GHA,2015,62.772,114.6
Guinea,GIN,2015,59.598,113.8
"Gambia, The",GMB,2015,60.91,
Guinea-Bissau,GNB,2015,56.959,104.8
Equatorial Guinea,GNQ,2015,57.359,108.3
Greece,GRC,2015,81.03658537,260.4
Grenada,GRD,2015,72.445,
Guatemala,GTM,2015,73.25,120
Guam,GUM,2015,79.144,178.1
Guyana,GUY,2015,69.262,141.2
High income,HIC,2015,80.49851928,
"Hong Kong SAR, China",HKG,2015,84.27804878,
Honduras,HND,2015,74.495,132.2
Heavily indebted poor countries (HIPC),HPC,2015,61.85295289,
Croatia,HRV,2015,77.27560976,284.1
Haiti,HTI,2015,62.485,136.9
Hungary,HUN,2015,75.56829268,321.6
IBRD only,IBD,2015,72.7021799,
IDA & IBRD total,IBT,2015,70.36397352,
IDA total,IDA,2015,63.23268056,
IDA blend,IDB,2015,61.25627871,
Indonesia,IDN,2015,70.768,138.4
IDA only,IDX,2015,64.23192906,
India,IND,2015,68.607,96.4
Ireland,IRL,2015,81.45365854,326.6
"Iran, Islamic Rep.",IRN,2015,75.796,
Iraq,IRQ,2015,69.929,133.3
Iceland,ISL,2015,82.46829268,252
Israel,ISR,2015,82.05121951,239.4
Italy,ITA,2015,82.54390244,278.3
Jamaica,JAM,2015,74.098,196.9
Jordan,JOR,2015,74.078,153.2
Japan,JPN,2015,83.79390244,282.9
Kazakhstan,KAZ,2015,71.97,160.3
Kenya,KEN,2015,64.798,147.1
Kyrgyz Republic,KGZ,2015,70.65121951,
Cambodia,KHM,2015,68.637,133.3
Kiribati,KIR,2015,67.291,
"Korea, Rep.",KOR,2015,82.02439024,
Kuwait,KWT,2015,75.13,115.1
Latin America & Caribbean (excluding high income),LAC,2015,74.89944926,
Lao PDR,LAO,2015,66.546,
Lebanon,LBN,2015,78.768,152.7
Liberia,LBR,2015,62.269,117.1
Libya,LBY,2015,72.121,131
St. Lucia,LCA,2015,75.596,
Latin America & Caribbean,LCN,2015,74.96168764,
Least developed countries: UN classification,LDC,2015,63.94777733,
Low income,LIC,2015,62.23539883,
Sri Lanka,LKA,2015,76.316,104
Lower middle income,LMC,2015,68.11004773,
Low & middle income,LMY,2015,70.2944613,
Lesotho,LSO,2015,51.038,106
Late-demographic dividend,LTE,2015,75.4727237,
Lithuania,LTU,2015,74.32195122,287.5
Luxembourg,LUX,2015,82.29268293,264.6
Latvia,LVA,2015,74.4804878,296.1
"Macao SAR, China",MAC,2015,83.707,
St. Martin (French part),MAF,2015,79.32195122,
Morocco,MAR,2015,75.726,147.3
Moldova,MDA,2015,71.478,211.2
Madagascar,MDG,2015,65.539,120.8
Maldives,MDV,2015,77.691,122.3
Middle East & North Africa,MEA,2015,73.51484469,
Mexico,MEX,2015,74.904,134.6
Middle income,MIC,2015,71.1432131,
North Macedonia,MKD,2015,75.406,215.1
Mali,MLI,2015,57.509,137.5
Malta,MLT,2015,81.89756098,238
Myanmar,MMR,2015,65.81,133.6
Middle East & North Africa (excluding high income),MNA,2015,73.00029604,
Montenegro,MNE,2015,76.452,260.6
Mongolia,MNG,2015,69.111,214
Mozambique,MOZ,2015,57.206,131
Mauritania,MRT,2015,63.936,106.1
Mauritius,MUS,2015,74.35317073,152.2
Malawi,MWI,2015,61.953,151.3
Malaysia,MYS,2015,75.461,142.5
North America,NAC,2015,79.01211433,
Namibia,NAM,2015,62.119,186.1
New Caledonia,NCL,2015,77.2804878,
Niger,NER,2015,60.631,76.4
Nigeria,NGA,2015,53.112,108.1
Nicaragua,NIC,2015,73.649,132.9
Netherlands,NLD,2015,81.5097561,
Norway,NOR,2015,82.30487805,312.3
Nepal,NPL,2015,69.515,80
New Zealand,NZL,2015,81.45682927,295.3
OECD members,OED,2015,79.81127706,
Oman,OMN,2015,76.887,102.1
Other small states,OSS,2015,67.40524107,
Pakistan,PAK,2015,66.577,107.6
Panama,PAN,2015,77.776,148.2
Peru,PER,2015,75.792,169.4
Philippines,PHL,2015,70.644,161
Papua New Guinea,PNG,2015,63.466,186.2
Poland,POL,2015,77.45121951,260.4
Pre-demographic dividend,PRE,2015,59.51195887,
Puerto Rico,PRI,2015,79.3534878,209.7
"Korea, Dem. People's Rep.",PRK,2015,71.481,160.7
Portugal,PRT,2015,81.12439024,255
Paraguay,PRY,2015,73.662,185.9
West Bank and Gaza,PSE,2015,73.442,
Pacific island small states,PSS,2015,69.44447786,
Post-demographic dividend,PST,2015,80.39500807,
French Polynesia,PYF,2015,76.787,240.4
Qatar,QAT,2015,79.758,106.6
Romania,ROU,2015,74.91219512,255.9
Russian Federation,RUS,2015,71.18341463,
Rwanda,RWA,2015,67.45,111.7
South Asia,SAS,2015,68.64190072,
Saudi Arabia,SAU,2015,74.651,95.2
Sudan,SDN,2015,64.429,93.8
Senegal,SEN,2015,66.747,116.9
Singapore,SGP,2015,82.74390244,229.8
Solomon Islands,SLB,2015,72.173,130
Sierra Leone,SLE,2015,52.941,99.8
El Salvador,SLV,2015,72.412,127.3
Somalia,SOM,2015,55.92,115.2
Sub-Saharan Africa (excluding high income),SSA,2015,59.95148449,
South Sudan,SSD,2015,56.855,92.8
Sub-Saharan Africa,SSF,2015,59.95283057,
Small states,SST,2015,68.61401559,
Sao Tome and Principe,STP,2015,69.377,
Suriname,SUR,2015,71.249,165
Slovak Republic,SVK,2015,76.56341463,
Slovenia,SVN,2015,80.77560976,300.2
Sweden,SWE,2015,82.20487805,271
Eswatini,SWZ,2015,55.359,123.4
Seychelles,SYC,2015,74.29512195,
Syrian Arab Republic,SYR,2015,69.908,
Chad,TCD,2015,53.137,100.4
East Asia & Pacific (IDA & IBRD countries),TEA,2015,74.53991042,
Europe & Central Asia (IDA & IBRD countries),TEC,2015,73.14793068,
Togo,TGO,2015,59.927,107.6
Thailand,THA,2015,76.091,161.7
Tajikistan,TJK,2015,70.137,87.9
Turkmenistan,TKM,2015,67.704,123.2
Latin America & the Caribbean (IDA & IBRD countries),TLA,2015,74.86655945,
Timor-Leste,TLS,2015,68.459,88.6
Middle East & North Africa (IDA & IBRD countries),TMN,2015,72.99505254,
Tonga,TON,2015,70.517,
South Asia (IDA & IBRD),TSA,2015,68.64190072,
Sub-Saharan Africa (IDA & IBRD countries),TSS,2015,59.95283057,
Trinidad and Tobago,TTO,2015,72.941,193.4
Tunisia,TUN,2015,75.922,131
Turkey,TUR,2015,76.532,225.6
Tanzania,TZA,2015,63.111,131
Uganda,UGA,2015,61.373,152
Ukraine,UKR,2015,71.1895122,206.3
Upper middle income,UMC,2015,74.99742325,
Uruguay,URY,2015,77.369,257.8
United States,USA,2015,78.6902439,297.3
Uzbekistan,UZB,2015,70.928,106.9
St. Vincent and the Grenadines,VCT,2015,72.095,
"Venezuela, RB",VEN,2015,72.584,
Virgin Islands (U.S.),VIR,2015,79.01707317,
Vietnam,VNM,2015,75.11,158.6
Vanuatu,VUT,2015,69.869,107.8
World,WLD,2015,71.95214696,
Samoa,WSM,2015,72.73,236.4
Kosovo,XKX,2015,71.49512195,
"Yemen, Rep.",YEM,2015,66.085,95.2
South Africa,ZAF,2015,62.649,193.2
Zambia,ZMB,2015,61.737,150.8
Zimbabwe,ZWE,2015,59.534,194.7
Aruba,ABW,2018,76.152,
Africa Eastern and Southern,AFE,2018,63.64898804,
Afghanistan,AFG,2018,64.486,105.6
Africa Western and Central,AFW,2018,57.76234679,
Angola,AGO,2018,60.782,125.1
Albania,ALB,2018,78.458,142.2
Arab World,ARB,2018,71.80707511,
United Arab Emirates,ARE,2018,77.814,104.8
Argentina,ARG,2018,76.52,212.4
Armenia,ARM,2018,74.945,200.1
Antigua and Barbuda,ATG,2018,76.885,
Australia,AUS,2018,82.74878049,312.3
Austria,AUT,2018,81.69268293,241.6
Azerbaijan,AZE,2018,72.864,138.4
Burundi,BDI,2018,61.247,133.3
Belgium,BEL,2018,81.59512195,322.8
Benin,BEN,2018,61.47,94.1
Burkina Faso,BFA,2018,61.174,109.4
Bangladesh,BGD,2018,72.32,105.5
Bulgaria,BGR,2018,74.96341463,238.5
Bahrain,BHR,2018,77.163,111.5
"Bahamas, The",BHS,2018,73.752,
Bosnia and Herzegovina,BIH,2018,77.262,221.6
Belarus,BLR,2018,74.17560976,246.9
Belize,BLZ,2018,74.496,111.2
Bolivia,BOL,2018,71.239,132.5
Brazil,BRA,2018,75.672,203.8
Barbados,BRB,2018,79.081,216
Brunei Darussalam,BRN,2018,75.722,
Bhutan,BTN,2018,71.46,81.3
Botswana,BWA,2018,69.275,104.8
Central African Republic,CAF,2018,52.805,99.2
Canada,CAN,2018,82.04878049,287.4
Central Europe and the Baltics,CEB,2018,76.97682268,
Switzerland,CHE,2018,83.75365854,268.2
Channel Islands,CHI,2018,82.928,
Chile,CHL,2018,80.042,173.5
China,CHN,2018,76.704,203.8
Cote d'Ivoire,CIV,2018,57.422,
Cameroon,CMR,2018,58.921,125.8
"Congo, Dem. Rep.",COD,2018,60.368,
"Congo, Rep.",COG,2018,64.29,
Colombia,COL,2018,77.109,177.5
Comoros,COM,2018,64.118,107.6
Cabo Verde,CPV,2018,72.782,178.5
Costa Rica,CRI,2018,80.095,175.2
Caribbean small states,CSS,2018,73.63710628,
Cuba,CUB,2018,78.726,202.1
Cyprus,CYP,2018,80.828,248
Czech Republic,CZE,2018,79.02926829,
Germany,DEU,2018,80.89268293,281.9
Djibouti,DJI,2018,66.582,88.7
Denmark,DNK,2018,80.95365854,334.9
Dominican Republic,DOM,2018,73.892,169.4
Algeria,DZA,2018,76.693,132.5
East Asia & Pacific (excluding high income),EAP,2018,75.21766316,
Early-demographic dividend,EAR,2018,70.48323834,
East Asia & Pacific,EAS,2018,76.07158863,
Europe & Central Asia (excluding high income),ECA,2018,73.67534256,
Europe & Central Asia,ECS,2018,77.91035086,
Ecuador,ECU,2018,76.8,149.7
"Egypt, Arab Rep.",EGY,2018,71.825,157.5
Euro area,EMU,2018,82.0598817,
Eritrea,ERI,2018,65.941,98.1
Spain,ESP,2018,83.43170732,264.6
Estonia,EST,2018,78.24390244,274.2
Ethiopia,ETH,2018,66.24,103.4
European Union,EUU,2018,81.03490546,
Fragile and conflict affected situations,FCS,2018,62.19424904,
Finland,FIN,2018,81.73414634,260.9
Fiji,FJI,2018,67.341,168.7
France,FRA,2018,82.72439024,320.1
Faroe Islands,FRO,2018,82.49512195,
"Micronesia, Fed. Sts.",FSM,2018,67.755,
Gabon,GAB,2018,66.187,113.8
United Kingdom,GBR,2018,81.25609756,296.1
Georgia,GEO,2018,73.6,191.3
Ghana,GHA,2018,63.78,114.6
Guinea,GIN,2018,61.185,113.8
"Gambia, The",GMB,2018,61.735,
Guinea-Bissau,GNB,2018,58.003,104.8
Equatorial Guinea,GNQ,2018,58.402,108.3
Greece,GRC,2018,81.78780488,260.4
Grenada,GRD,2018,72.384,
Guatemala,GTM,2018,74.063,120
Guam,GUM,2018,79.859,178.1
Guyana,GUY,2018,69.774,141.2
High income,HIC,2018,80.78733976,
"Hong Kong SAR, China",HKG,2018,84.93414634,
Honduras,HND,2018,75.088,132.2
Heavily indebted poor countries (HIPC),HPC,2018,63.13499116,
Croatia,HRV,2018,78.07073171,284.1
Haiti,HTI,2018,63.66,136.9
Hungary,HUN,2018,76.06585366,321.6
IBRD only,IBD,2018,73.41190445,
IDA & IBRD total,IBT,2018,71.08065527,
IDA total,IDA,2018,64.24817977,
IDA blend,IDB,2018,62.16186739,
Indonesia,IDN,2018,71.509,138.4
IDA only,IDX,2018,65.30456203,
India,IND,2018,69.416,96.4
Ireland,IRL,2018,82.25609756,326.6
"Iran, Islamic Rep.",IRN,2018,76.479,
Iraq,IRQ,2018,70.454,133.3
Iceland,ISL,2018,82.86097561,252
Israel,ISR,2018,82.80243902,239.4
Italy,ITA,2018,83.34634146,278.3
Jamaica,JAM,2018,74.368,196.9
Jordan,JOR,2018,74.405,153.2
Japan,JPN,2018,84.21097561,282.9
Kazakhstan,KAZ,2018,73.15,160.3
Kenya,KEN,2018,66.342,147.1
Kyrgyz Republic,KGZ,2018,71.4,
Cambodia,KHM,2018,69.57,133.3
Kiribati,KIR,2018,68.116,
"Korea, Rep.",KOR,2018,82.62682927,
Kuwait,KWT,2018,75.398,115.1
Latin America & Caribbean (excluding high income),LAC,2018,75.42250137,
Lao PDR,LAO,2018,67.61,
Lebanon,LBN,2018,78.875,152.7
Liberia,LBR,2018,63.73,117.1
Libya,LBY,2018,72.724,131
St. Lucia,LCA,2018,76.057,
Latin America & Caribbean,LCN,2018,75.4408494,
Least developed countries: UN classification,LDC,2018,65.03980124,
Low income,LIC,2018,63.38749938,
Sri Lanka,LKA,2018,76.812,104
Lower middle income,LMC,2018,68.86963715,
Low & middle income,LMY,2018,71.02162515,
Lesotho,LSO,2018,53.705,106
Late-demographic dividend,LTE,2018,76.22687683,
Lithuania,LTU,2018,75.6804878,287.5
Luxembourg,LUX,2018,82.29512195,264.6
Latvia,LVA,2018,74.78292683,296.1
"Macao SAR, China",MAC,2018,84.118,
St. Martin (French part),MAF,2018,79.82195122,
Morocco,MAR,2018,76.453,147.3
Moldova,MDA,2018,71.808,211.2
Madagascar,MDG,2018,66.681,120.8
Maldives,MDV,2018,78.627,122.3
Middle East & North Africa,MEA,2018,74.08883309,
Mexico,MEX,2018,74.992,134.6
Middle income,MIC,2018,71.861587,
North Macedonia,MKD,2018,75.688,215.1
Mali,MLI,2018,58.893,137.5
Malta,MLT,2018,82.44878049,238
Myanmar,MMR,2018,66.867,133.6
Middle East & North Africa (excluding high income),MNA,2018,73.5873387,
Montenegro,MNE,2018,76.77,260.6
Mongolia,MNG,2018,69.689,214
Mozambique,MOZ,2018,60.163,131
Mauritania,MRT,2018,64.704,106.1
Mauritius,MUS,2018,74.41634146,152.2
Malawi,MWI,2018,63.798,151.3
Malaysia,MYS,2018,75.997,142.5
North America,NAC,2018,78.98679131,
Namibia,NAM,2018,63.373,186.1
New Caledonia,NCL,2018,77.43414634,
Niger,NER,2018,62.024,76.4
Nigeria,NGA,2018,54.332,108.1
Nicaragua,NIC,2018,74.275,132.9
Netherlands,NLD,2018,81.81219512,
Norway,NOR,2018,82.75853659,312.3
Nepal,NPL,2018,70.478,80
New Zealand,NZL,2018,81.85853659,295.3
OECD members,OED,2018,80.10453371,
Oman,OMN,2018,77.633,102.1
Other small states,OSS,2018,68.54681339,
Pakistan,PAK,2018,67.114,107.6
Panama,PAN,2018,78.329,148.2
Peru,PER,2018,76.516,169.4
Philippines,PHL,2018,71.095,161
Papua New Guinea,PNG,2018,64.263,186.2
Poland,POL,2018,77.60243902,260.4
Pre-demographic dividend,PRE,2018,60.820942,
Puerto Rico,PRI,2018,79.77819512,209.7
"Korea, Dem. People's Rep.",PRK,2018,72.095,160.7
Portugal,PRT,2018,81.32439024,255
Paraguay,PRY,2018,74.131,185.9
West Bank and Gaza,PSE,2018,73.895,
Pacific island small states,PSS,2018,69.9290488,
Post-demographic dividend,PST,2018,80.69375109,
French Polynesia,PYF,2018,77.462,240.4
Qatar,QAT,2018,80.1,106.6
Romania,ROU,2018,75.35853659,255.9
Russian Federation,RUS,2018,72.66219512,
Rwanda,RWA,2018,68.7,111.7
South Asia,SAS,2018,69.41226994,
Saudi Arabia,SAU,2018,74.998,95.2
Sudan,SDN,2018,65.095,93.8
Senegal,SEN,2018,67.665,116.9
Singapore,SGP,2018,83.29756098,229.8
Solomon Islands,SLB,2018,72.835,130
Sierra Leone,SLE,2018,54.309,99.8
El Salvador,SLV,2018,73.096,127.3
Somalia,SOM,2018,57.068,115.2
Sub-Saharan Africa (excluding high income),SSA,2018,61.27199431,
South Sudan,SSD,2018,57.604,92.8
Sub-Saharan Africa,SSF,2018,61.27303249,
Small states,SST,2018,69.5410318,
Sao Tome and Principe,STP,2018,70.17,
Suriname,SUR,2018,71.57,165
Slovak Republic,SVK,2018,77.26585366,
Slovenia,SVN,2018,81.37804878,300.2
Sweden,SWE,2018,82.55853659,271
Eswatini,SWZ,2018,59.401,123.4
Seychelles,SYC,2018,72.84146341,
Syrian Arab Republic,SYR,2018,71.779,
Chad,TCD,2018,53.977,100.4
East Asia & Pacific (IDA & IBRD countries),TEA,2018,75.2562801,
Europe & Central Asia (IDA & IBRD countries),TEC,2018,74.03943633,
Togo,TGO,2018,60.76,107.6
Thailand,THA,2018,76.931,161.7
Tajikistan,TJK,2018,70.879,87.9
Turkmenistan,TKM,2018,68.073,123.2
Latin America & the Caribbean (IDA & IBRD countries),TLA,2018,75.35732803,
Timor-Leste,TLS,2018,69.26,88.6
Middle East & North Africa (IDA & IBRD countries),TMN,2018,73.58362363,
Tonga,TON,2018,70.801,
South Asia (IDA & IBRD),TSA,2018,69.41226994,
Sub-Saharan Africa (IDA & IBRD countries),TSS,2018,61.27303249,
Trinidad and Tobago,TTO,2018,73.38,193.4
Tunisia,TUN,2018,76.505,131
Turkey,TUR,2018,77.437,225.6
Tanzania,TZA,2018,65.015,131
Uganda,UGA,2018,62.973,152
Ukraine,UKR,2018,71.58268293,206.3
Upper middle income,UMC,2018,75.74501834,
Uruguay,URY,2018,77.77,257.8
United States,USA,2018,78.63902439,297.3
Uzbekistan,UZB,2018,71.573,106.9
St. Vincent and the Grenadines,VCT,2018,72.415,
"Venezuela, RB",VEN,2018,72.128,
Virgin Islands (U.S.),VIR,2018,79.5195122,
Vietnam,VNM,2018,75.317,158.6
Vanuatu,VUT,2018,70.323,107.8
World,WLD,2018,72.57410224,
Samoa,WSM,2018,73.187,236.4
Kosovo,XKX,2018,72.24390244,
"Yemen, Rep.",YEM,2018,66.096,95.2
South Africa,ZAF,2018,63.857,193.2
Zambia,ZMB,2018,63.51,150.8
Zimbabwe,ZWE,2018,61.195,194.7
